,,,,RANKING BY,,,,,,,,,,,Round 1 Deadline,,,,Round 2 Deadline,,,,Round 3,,,,Round 4,,,,Round 5,,,,ESSAY QUESTIONS,,,,,,,
Name of School,Name of University,City,State,Financial Times,The Economist,Bloomberg Businessweek,US News,US News,QS TopMBA,Overall QS Top Universities Ranking,Poets And Quants,Recommendations,Average  GMAT Score,Total Tuition Fees,Date,Time,Decision Date,Special Remark,Date,Time,Decision Date,Special Remark,Date,Time,Decision Date,Special Remark,Date,Time,Decision Date,Special Remark,Date,Time,Decision Date,Special Remark,Essay 1,Essay 2,Essay 3,Essay 4,Essay 5 (Scholarship/ Reapplicant),Essay 6 (Optional),Video Essay,Spot Written Essay
Rotman School of Management,University of Toronto,Toronto,Ontario,65,NA,23,19,21,Global Elite School,31,35,2,665,"CAD 107,770",October 16, 2017",NA,"December 15, 2017",NA,"January 8, 2018",NA,"March 2, 2018",NA,"February 26, 2018",NA,"April 20, 2018",NA,"April 16, 2018",NA,"May 25, 2018",NA,"May 21, 2018",NA,"June 22, 2018",NA," Our Full-Time MBA Program at the University of Toronto, Rotman School of Management is best defined as a transformational experience. We believe that your journey begins with 'why'. Please describe why you are pursuing an MBA? Why Rotman? Why now? (500 words)","Reflection Question: List 3-5 attributes or characteristics that best describe you. ","Yes, Required  2 video Essay",Yes new timed written response component with a (10 minutes in length).
Sauder Business School,University of British Columbia,Vancouver,British Columbia,NR,NR,NR,42,31,Global Elite School,51,60,2,650,"CAD 76,981","November 1, 2017",NA,NA,NA,"January 10, 2018",NA,NA,NA,"February 28, 2018",NA,NA,NA,"May 2, 2018",NA,NA,NA,NA,NA,NA,NA,What are your motivations to pursue an MBA? (200 Words),What excites you about the UBC MBA Program? How do you plan to get the most out of this journey? (200 Words),The UBC MBA program prepares leaders who seek to create value for the world. Please describe a situation in which you created value for an organization or group. What was the outcome? We encourage you to consider your contributions in both professional and community settings.( 500 word limit.),NA,NA,NA,"Yes, Please respond to the following question, in video format (60-90 seconds) and upload it to either YouTube or Vimeo and provide the video's URL in the space provided. Q)  Our students and alumni often describe their MBA experience as a transformational discovery of themselves. How do you see yourself being transformed by the UBC MBA program? ",NA
Schulich School of Business,York University,Toronto,Ontario,NR,56,NR,84,389(Tied),Top-Tier Employability Schools,441-450,27,3,660,"CAD 99,400","December 1, 2017",NA,NA,NA,"February 1, 2018",NA,NA,NA,"March 15, 2018",NA,NA,Late applications will be considered following the Round 3 deadline for September 2017,"April 30, 2018",NA,NA,NA,NA,NA,NA,NA,How will the Schulich MBA degree help you achieve your short and long-term career goals? (please limit your answer to 350 words),NA,NA,NA,NA,OPTIONAL Essay:Is there any other information or area of concern in your academic or personal history that you believe would be helpful to the Admissions Committee when considering your application? (please limit your answer to 350 words),"Yes, two video Essay","Yes, 1 Timed Written Essay (5 minutes)"
Desautels Faculty of Management,McGill University,Montreal,Quebec,NR,NR,25,107,50(Tied),Global Elite School,32,40,2,600-780,"CAD 46,937.79","November 1, 2017",23.59 PM EST,NA,NA,"January 15, 2018",23.59 PM EST,NA,NA,"March 15, 2018",23.59 PM EST,NA,NA,"May 1, 2018",23.59 PM EST,NA,NA,NA,NA,NA,NA,Three Essays,NA,NA,NA,NA,NA,NA,NA
Smith School of Business,Queen’s University,Kingston,Ontario,100,79,18,179,379,Top-Tier Employability Schools,224,25,3,665,"CAD 91,000 ","September 11, 2017( Rolling Basis)",NA,NA,NA,NA,NA,NA,NA,NA,NA,NA,NA,NA,NA,NA,NA,NA,NA,NA,NA,"Cover Letter: A cover letter outlining current responsibilities and assignments, career accomplishments, reasons for applying to the Queen’s MBA and your professional and personal goals.",NA,NA,NA,NA,NA,"yes, four video Essay, randomly asked.",NA
Beedie School of Business,Simon Fraser University,Vancouver,British Columbia,NR,NR,NR,113,280(Tied),Superior Schools,245,NR,2,550,CAD 48000,"October 20, 2017",NA,NA,NA,"January 12, 2018",NA,NA,NA,"March 16, 2018",NA,NA,NA,"May 11, 2018",NA,NA,NA,NA,NA,NA,NA,One Written Essay,NA,NA,NA,NA,NA,"Yes, Your interview has three (3) video questions, You have 90 seconds to respond to each video question. Prior to each video question, you will have 30 seconds of prep time.( Situational question like Most questions are behaviour-based such as “Tell us about a time that you…”, or “Describe a situation where you…”",NA
Degroote School of Business,McMaster university,Burlington,Ontario,NR,NR,NR,197,129,Superior Schools,140,NR,2,600,"CAD 80,000","March 30, 2018",NA,NA,NA,NA,NA,NA,NA,NA,NA,NA,NA,NA,NA,NA,NA,NA,NA,NA,NA,One Written Essay,NA,NA,NA,NA,NA,"Yes, 3 video essay",NA
Ted Roger School of Business,Ryerson University,Toronto,Ontario,NR,NR,NR,NR,NR,NR,801-1000,NR,2,624,"CAD 34,113.20( plus Ancillary fees)","January 26, 2018",NA,NA,NA,"February 23, 2018",NA,NA,NA,NA,NA,NA,NA,NA,NA,NA,NA,NA,NA,NA,NA,"Statement of Interest: Approximately 500 words outlining your reasons for graduate study, your career objectives, the research interest(s) you may wish to pursue in the MBA Global/MBA Technology & Innovation, how your previous studies and experience have prepared you for the program.",NA,NA,NA,NA,NA,"Yes, 1 video essay.",NA
HEC Montreal Business School,Universite de Montreal,Montreal,Quebec,NR,NR,31,93,149,Top-Tier Employability Schools,NR,30,2,Not able to find,"CAD 33,200","September 1, 2017",EST,"October 15, 2017",NA,"November 1, 2017",EST,"November 30, 2017",NA,"January 15, 2018",EST,"February 15, 2018",NA,NA,NA,NA,NA,NA,NA,NA,NA,"The HEC Montréal MBA program is based on shared experiences and emphasizes collaborative learning. In view of this approach, tell us what you hope to learn from your MBA colleagues to help you achieve your personal and professional goals (500 words maximum).",NA,NA,NA,"FOR REAPPLICANT: If you have previously applied for admission, you must also answer the following question:How has your situation changed since you applied last time? Make sure you explain any change in your work experience, studies and volunteering (250 words maximum).",NA,"Yes, 3 video essay",NA
Haskayne Business School,University of Calgary,Calagary,Alberta,NR,NR,NR,174,204,Superior Schools,217,NR,2,550,"The MBA consists of 20 half courses and tuition per half-course starting September 2018 will be  $2,880.78 CAD per half course.","March 1, 2018 (Rolling Basis)",NA,NA,NA,NA,NA,NA,NA,NA,NA,NA,NA,NA,NA,NA,NA,NA,NA,NA,NA,"Answer the following two questions as clearly and concisely as possible – only the first 250 words in each answer will be read. (1) How, considering your career progress to date does an MBA fit in with your future career goals? Please describe..(2) When thinking of your own personal successes – were they as a result of your own personal skills or your ability to work with others? Please describe",NA,NA,NA,NA,NA,NA,NA
John Molson School of Business,Concordia University( Tie),Montreal,Quebec,NR,NR,NR,193,650,Superior Schools,431-440,NR,3,623,"CAD 37,100","March 1, 2018",NA,NA,NA,NA,NA,NA,NA,NA,NA,NA,NA,NA,NA,NA,NA,NA,NA,NA,NA,A statement of purpose explaining why you want to pursue an MBA (approximately 500 words) ,NA,NA,NA,NA,NA,NA,NA
Lazaridis School of Business & Economics,Wilfrid Laurier University,waterloo,Ontario,NR,NR,NR,NR,NR,NR,NR,NR,3,550 or higher,"CAD 43,897.74 ","January 15, 2018",NA,NA,NA,NA,NA,NA,NA,NA,NA,NA,NA,NA,NA,NA,NA,NA,NA,NA,NA,"1).List your significant business or professional achievements, awards, distinctions and honours . 2.)Describe your extra-curricular activities while attending university or college.",3)List community and professional activities in which you have participated.,4.) Describe your career aspirations and why you have decided to enter Laurier’s MBA program at this time.5. ) Provide any other information you feel may be relevant and of interest to the admissions committee,"6.) The Admissions Committee is not only attempting to identify candidates with strong academic potential, but also those with strong potential for future success in a professional environment. ",NA,"What additional information concerning such areas as leadership ability, entrepreneurial interests or interpersonal skills can you supply in support of your candidacy",NA,NA
Peter B. Gustavson School of Business,University of Victoria,Victoria,British Columbia,NR,NR,NR,NR,NR,Superior Schools,346,NR,2,550,CAD 35352.08,"April 30, 2018(Rolling Basis)",NA,NA,NA,NA,NA,NA,NA,NA,NA,NA,NA,NA,NA,NA,NA,NA,NA,NA,NA,NA,NA,NA,NA,NA,NA,NA,NA
Telfer School of Management,University of Ottawa(Tie),Ottawa,Ontario,NR,NR,NR,NR,NR,Superior Schools,289,NR,2,612,CAD 43454,"February 1, 2018(Rolling Basis)",NA,NA,NA,NA,NA,NA,NA,NA,NA,NA,NA,NA,NA,NA,NA,NA,NA,NA,NA,"Letter of Intent (Cover Letter) State your reasons for pursuing a graduate program, your contribution to the program given your background and experience. The letter should be at least 500 words.                                            ",NA,NA,NA,NA,NA,NA,NA